video_id,title,channel,published
kqtD5dpn9C8,Python for Beginners - Learn Coding with Python in 1 Hour,Programming with Mosh,2020-09-16T13:00:20Z
qEwnlMBaLfc,Python in Excel - Beginner Tutorial,Kevin Stratvert,2023-09-21T07:00:21Z
5bR6ajce4Ys,Top 5 Python Books That Will Make You A Coding Pro,Manish Sharma,2024-09-11T13:27:26Z
BplMR0txSeA,"Python on phone, pydroid 3 #python #android #coding #programming #pydroid3",Electro Sage,2025-02-19T11:43:05Z
MqywbqLmjp4,I&#39;ve Read Over 100 Books on Python. Here are the Top 3,Python Programmer,2024-01-31T21:00:24Z
K5KVEU3aaeQ,Python Full Course for Beginners [2025],Programming with Mosh,2025-02-12T12:30:31Z
Y8Tko2YC5hA,What is Python? Why Python is So Popular?,Programming with Mosh,2018-10-23T03:06:02Z
_uQrJ0TkZlc,Python Full Course for Beginners,Programming with Mosh,2019-02-18T15:00:08Z
2h8nbQ7bZWs,How to create your own ai in python@COMPUTEREXCELSOLUTION #pythonprogramming #python,COMPUTER & EXCEL SOLUTION,2025-09-16T14:32:48Z
fXxUYb0s-pc,Impress your crush using Python Code ❤️,AI Toolz,2022-04-07T05:03:39Z
