video_id,title,publishedAt
_uQrJ0TkZlc,Python Full Course for Beginners,2019-02-18T15:00:08Z
kqtD5dpn9C8,Python for Beginners - Learn Coding with Python in 1 Hour,2020-09-16T13:00:20Z
b093aqAZiPU,üë©‚Äçüíª Python for Beginners Tutorial,2021-03-25T10:00:08Z
Z1Yd7upQsXY,Python Tutorial for Absolute Beginners #1 - What Are Variables?,2017-12-26T14:57:53Z
rfscVS0vtbw,Learn Python - Full Course for Beginners [Tutorial],2018-07-11T18:00:42Z
K5KVEU3aaeQ,Python Full Course for Beginners [2025],2025-02-12T12:30:31Z
t8pPdKYpowI,Python Tutorial for Beginners - Learn Python in 5 Hours [FULL COURSE],2021-03-05T14:10:17Z
mB0EBW-vDSQ,Do THIS instead of watching endless tutorials - how I‚Äôd learn Python FAST‚Ä¶,2025-05-16T15:43:06Z
iA4g1UHgHy0,Build AI Agents From Scratch in Python (Easy Step-by-step Tutorial),2025-09-16T14:57:32Z
hEgO047GxaQ,#1 Python Tutorial for Beginners | Introduction to Python,2018-06-30T13:30:28Z
fWjsdhR3z3c,Learn Python in Less than 10 Minutes for Beginners (Fast &amp; Easy),2021-05-26T12:32:40Z
qwAFL1597eM,Python Tutorial for Beginners (with mini-projects),2023-09-19T14:33:56Z
Ro_MScTDfU4,Learn Python in Only 30 Minutes (Beginner Tutorial),2024-11-18T14:00:24Z
mRMmlo_Uqcs,you need to learn Python RIGHT NOW!! // EP 1,2021-08-14T17:22:45Z
nluUYtejoIE,Python Basics: Your FIRST Program in Under a Minute! üöÄ,2024-06-21T07:55:33Z
qEwnlMBaLfc,Python in Excel - Beginner Tutorial,2023-09-21T07:00:21Z
Gx5qb1uHss4,10 Important Python Concepts In 20 Minutes,2024-08-07T09:05:05Z
eWRfhZUzrAc,Python for Beginners ‚Äì Full Course [Programming Tutorial],2022-08-09T12:54:23Z
St48epdRDZw,How I Would Learn Python FAST (if I could start over),2024-06-19T15:04:05Z
80yIVH2aOy0,python programming|python for beginners|python full course,2025-06-06T00:51:25Z
9Os0o3wzS_I,Python Tutorial for Beginners 8: Functions,2017-05-17T19:00:01Z
q2-pnQffZik,Learn Python for FREE in 2025,2024-12-31T02:30:33Z
QXeEoD0pB3E,#0 Python for Beginners | Programming Tutorial,2018-08-16T08:58:58Z
GfWRxr1OBm4,Python Basics: The Best Way to Learn Python Programming (2024),2024-12-29T01:57:30Z
H2EJuAcrZYU,Python Full Course for Beginners | Complete All-in-One Tutorial | 9 Hours,2023-07-25T13:00:21Z
ix9cRaBkVe0,Python Full Course for free üêç (2024),2024-08-20T13:00:54Z
W-8j4MrsX2s,Amazing Flower Design using Python turtle üê¢ #python #coding #funny #viral #trending #design,2023-05-24T13:15:02Z
Sg4GMVMdOPo,Start coding with PYTHON in 5 minutes! üêç,2024-08-16T16:08:32Z
IR2D0rrF2ow,Python in Excel‚ÄºÔ∏è #excel #python,2023-10-27T13:00:14Z
WCM65ION4nE,Python Syllabus | Python for Beginners | Complete Python Course #pythonlearning,2024-01-25T09:38:59Z
fXxUYb0s-pc,Impress your crush using Python Code ‚ù§Ô∏è,2022-04-07T05:03:39Z
iju6xKZacGQ,I Create Excel file in 5sec using Python || python excel || python pandas || python to excel #python,2024-03-26T16:00:35Z
Sl4zqWLC9Xw,Fastest way to learn Python #coding #python #programming,2023-08-30T13:00:21Z
VchuKL44s6E,Python As Fast as Possible - Learn Python in ~75 Minutes,2020-10-04T15:00:06Z
ZDa-Z5JzLYM,Python OOP Tutorial 1: Classes and Instances,2016-06-20T17:00:03Z
IfKlGhRc7Dc,Python Roadmap for Beginners! üêç Learn Python Programming Step-by-Step&quot; #python #conding,2024-06-16T06:40:42Z
6i3e-j3wSf0,Python Tutorial for Beginners with VS Code üêç,2023-02-14T14:00:03Z
tJ39Bf4OvrI,Python code in hindi for beginners|apna college|python tutorial for beginners.,2025-01-05T03:07:15Z
dZ8VrmzYL2A,Pygame - Display Image in Pygame python || Pygame python tutorial #python #pygame,2023-07-13T10:43:16Z
P5An-rTtM_k,Amazing Rotating Python Graphics Design using Turtle üê¢ #python #pythonshorts #coding #viral #design,2023-05-14T12:15:01Z
Ix5cKThAa3E,Python Coding Basics: Get Started with VSCode,2025-01-30T14:41:56Z
mErBlm0yzZA,Do THIS Instead of Watching Endless Tutorials - How I&#39;d Learn Python FAST (2025),2025-07-12T05:30:24Z
-cXWzWdtErI,Python turtle code | Beautiful design using python pydroid 3 app | python tutorial,2022-02-13T07:19:38Z
fHk-U1cyYmM,Print the given pattern in python? ( python for beginners ),2022-12-04T13:50:13Z
E1kDTUf6bsA,Password generator in Python!,2023-04-15T11:30:06Z
5B41CPvYMjY,The Ultimate Python Roadmap: From Beginner to Expert in 2025!,2023-08-11T18:10:35Z
eaMDDseIL7E,How to create graphics using Python turtle üêçüê¢ #coding,2022-08-24T16:52:44Z
VNOz6vEHjEY,How to learn python in mobile #viral #python #tutorial #code,2023-08-16T06:49:30Z
-qiMuTAnnlU,How to Learn Python Fast in 2024? | Learn Python With ChatGPT | Intellipaat #Shorts #Python #ChatGPT,2024-10-31T12:11:45Z
6i3EGqOBRiU,Introduction to Python Course | Python for beginners,2022-08-25T14:53:33Z
ZDa-Z5JzLYM,Python OOP Tutorial 1: Classes and Instances,2016-06-20T17:00:03Z
vCcPAX4jVN8,Python code | Beautiful design usind python | Pydroid 3 App,2022-02-01T15:40:32Z
jl38lYNBKpY,Can A.I. CODE an ENTIRE game on PYTHON? Watch ChatGPT Try...,2023-05-13T09:54:33Z
RGMeRW3tB0w,Coding a game in Python #Shorts #Python,2022-05-26T16:16:58Z
sDNMYB3ZBtk,3 SIMPLE Python Project Ideas,2023-06-27T16:14:59Z
6i3e-j3wSf0,Python Tutorial for Beginners with VS Code üêç,2023-02-14T14:00:03Z
mErBlm0yzZA,Do THIS Instead of Watching Endless Tutorials - How I&#39;d Learn Python FAST (2025),2025-07-12T05:30:24Z
AaWaE2CEUF0,Python WEB SCRAPING in 30 Seconds! üî•üë®‚Äçüíª #shorts,2022-01-17T19:14:05Z
utf7Wpf2OAs,python code in hindi for beginnersüêç python code with harry.,2025-03-02T14:46:27Z
O4ZzNewqGYQ,Day 1 of 15 Days Python Tutorial üöÄ | How to Install Python &amp; VS Code #pythontutorial #learnpython,2025-06-15T12:30:20Z
aJGIV564pFE,Create a Jupyter Notebook in VS Code!,2021-08-04T01:10:34Z
Z8nKqEERsn8,Master Python easilyüò≥Evlo easy Python programming languageüî•,2024-07-04T13:36:32Z
mXYHbssCa7c,how to run python code on MacBook / python tutorial/ #python #macbook #youtubeshorts #shorts,2022-09-29T08:41:55Z
VchuKL44s6E,Python As Fast as Possible - Learn Python in ~75 Minutes,2020-10-04T15:00:06Z
ya28SEoYUdc,Pygame - Create My First game using Pygame python || Pygame python tutorial #python #pygame,2024-07-26T15:14:29Z
BVyxC68kHdc,How to write a for loop in python #shorts #programming  #pythontutorial,2022-10-15T23:38:57Z
duajrwUUPXs,what is Python? most asked python Interview questions 1 #python #interview,2023-06-18T11:31:31Z
l5MlhRSpfSI,I learned python so I can do this...,2023-02-16T04:00:52Z
UtVxd6sdxrI,How to Run Python Programs ( .py Files ) on Windows 11 Computer #learnpython #pythonlearning,2023-06-22T13:14:17Z
clGty9OfWKU,Building a Simple Keylogger in Python! üñ•Ô∏èüí° #pythontutorial #coding,2024-07-26T01:52:34Z
4nPcTfGYQms,Pygame - Create game in python || Pygame python tutorial #python #pygame,2023-04-03T09:20:30Z
JeznW_7DlB0,Python Object Oriented Programming (OOP) - For Beginners,2020-03-29T17:02:09Z
DKmYn0mbn_4,Variables in Python üêç programming language in Tamil #python #pythonprogramming #pythontutorial,2023-06-20T04:20:33Z
nLRL_NcnK-4,Harvard CS50‚Äôs Introduction to Programming with Python ‚Äì Full University Course,2023-05-01T13:55:40Z
Y7uQ3dS2uss,What is Python?,2022-09-10T09:51:37Z
dglcDIUTSsY,Build a Simple API from Scratch üíª FastAPI Tutorial for Beginner,2025-09-07T15:45:07Z
XKYMGepj7Y8,Python full course | javascript full course | code with harry | #coding #shorts #shortsvideo,2025-01-12T01:21:02Z
XKHEtdqhLK8,Python Full Course for free üêç,2021-02-15T15:00:12Z
St9pE2bv0zQ,A funny visualization of C++ vs Python | Funny Shorts | Meme,2022-12-13T11:30:08Z
J8CwlpEwHoA,How to confuse a Python Developer?,2022-05-11T17:00:09Z
ugBTczoyFRo,How I make my animations using python~matplotlib #satisfying #mathematics #python #programming,2024-04-16T20:34:47Z
4aHxtKWBpBw,Tutorial: How to test your Python code,2024-11-16T15:02:18Z
YYXdXT2l-Gg,Python Tutorial for Beginners 1: Install and Setup for Mac and Windows,2017-05-17T15:30:00Z
MZ6FiuW8DN0,Day 3 of 15 Days Python Tutorial üöÄ |User Inputs #pythontutorial #learnpython,2025-06-17T12:30:23Z
PNSIWjWAA7o,All Python Syntax in 25 Minutes ‚Äì Tutorial,2023-08-13T12:00:19Z
ufRLns-QQh0,Struggling with Python programming? Learn it in a  Simplest way #shorts #pythonprogramming,2023-06-27T11:54:10Z
wUSDVGivd-8,Python for Data Analytics - Full Course for Beginners,2024-06-07T12:01:05Z
DZjrmtFUsrE,5 Easiest Coding Language to learn (my opinion),2022-11-03T15:05:20Z
_6N18g3ewnw,Aprende PYTHON en 10 minutos üü¢,2022-11-11T11:00:32Z
8KCuHHeC_M0,Learn Python in 1 hour! üêç,2024-08-18T14:00:05Z
KZpYtNtGxSU,Python if __name__ == &#39;__main__&#39;: Visually Explained,2025-02-21T14:00:25Z
Ej_02ICOIgs,Object Oriented Programming with Python - Full Course for Beginners,2021-10-13T13:53:03Z
HakXpkXcjdI,Learn Python in 2 Hours | Amit Thinks | Python Tutorial for Beginners,2022-11-24T04:45:00Z
WGJJIrtnfpk,Python Full Course - 12 Hours | Python For Beginners - Full Course | Python Tutorial | Edureka,2019-12-01T08:51:45Z
PtBHnMMRI0E,Python en 8 Minutos,2025-03-13T17:00:33Z
gTqV-h_v8Pw,PYTHON 2026 | Tutorial for Beginners | One SHOT Basic to Advanced | HINDI BY VIKAS SINGH ,2025-09-17T20:33:27Z
th4OBktqK1I,Learn Python With This ONE Project!,2022-09-24T13:00:27Z
6OF7tK_NuEo,Python Full Course for Absolute Beginners | Python Tutorial | Python Training 2025 | Simplilearn,2025-09-11T18:22:48Z
QUT1VHiLmmI,Python NumPy Tutorial for Beginners,2019-08-07T13:00:04Z
rmmYbjrW0c4,&quot;Master Python: Your Ultimate Beginner&#39;s Guide! #pythonlanguage #pythonsoftware #pythontutorial,2025-02-02T08:33:03Z
feiUbnXgceg,belajar python menyenangkan,2023-05-25T03:03:48Z
rmmYbjrW0c4,&quot;Master Python: Your Ultimate Beginner&#39;s Guide! #pythonlanguage #pythonsoftware #pythontutorial,2025-02-02T08:33:03Z
T6bJ_FrVrDU,Picking Random Item From A List In Python | Python Tutorial,2024-06-05T16:00:22Z
BVIoAILnZ4Q,#01 Python Programming Tutorial Series üìö| Introduction to Python üßë‚Äçüíª| EMC ACADEMY üí™,2023-05-07T03:30:06Z
wPc6mANhIj4,I CREATE COFFEE APP IN 2 MIN USING PYTHON &amp; LEARN PYTHON BY BUILDING SIMPLE PROJECTS,2025-05-10T16:01:23Z
uohaTwIXThE,Flask JSON Responses Made Easy | Python Tutorial,2025-01-24T17:00:59Z
DInMru2Eq6E,Introduction to Python Programming | Python for Beginners #lec1,2022-08-26T14:30:02Z
Y21OR1OPC9A,Python Virtual Environments - Full Tutorial for Beginners,2024-03-16T14:47:21Z
Qb9s3UiMSTA,Asyncio in Python - Full Tutorial,2024-04-05T14:30:26Z
M576WGiDBdQ,"Solidity, Blockchain, and Smart Contract Course ‚Äì Beginner to Expert Python Tutorial",2021-09-09T13:38:22Z
B9nFMZIYQl0,Python Tutorial for Beginners - Full Course in 12 Hours (2022),2022-09-02T16:00:10Z
tZO6AxKCQ7s,python tutorial Arithmetic operators,2023-06-27T07:44:46Z
FbBXtqtRnWU,Introducing Python in Excel,2023-08-22T13:21:51Z
2vdDWpABpj4,"Python Turtle Graphics for my ‚ù§Ô∏è When Words Fail, Code Speaks üåπ.#pythonprogramming #coding",2025-07-03T02:55:00Z
pKEjmiH_4RA,#5 - Create python script with IDLE shell | Python Tutorial | Praveen Kumar,2023-03-22T19:31:53Z
Mf7eFtbVxFM,#6 Python Tutorial for Beginners | Tuple | Set in Python,2018-07-04T03:00:17Z
H09PmP5tsy8,Making a Game in Python with No Experience,2023-01-07T17:17:00Z
dJI5NY8aZxs,Python Animation Tutorial #python #shorts #coding #cool,2025-03-13T10:16:22Z
2socU7yFLl0,Python Django Setup is easy | Python Tutorial,2025-08-28T15:45:00Z
u-OmVr_fT4s,Python Functions | Python Tutorial for Absolute Beginners #1,2018-11-06T15:00:11Z
rRTjPnVooxE,While loops in Python are easy ‚ôæÔ∏è,2022-10-22T14:02:58Z
Kh5jZMM8h7Y,Python CLASSES in 50 Seconds! üî•üë®‚Äçüíª #shorts,2022-01-22T05:00:17Z
bdBlnHoRHVE,Python Tkinter Add Image #like #tutorial,2023-04-26T18:25:23Z
kTVGcROrDeU,Which operator can be used to compare two  values? #shorts #python #tutorial #beginners #quiz,2022-07-29T18:30:55Z
KWgYha0clzw,For loops in Python are easy üîÅ,2022-10-23T17:33:10Z
ERCMXc8x7mc,Python Tutorial for Beginners - Full Course (with Notes &amp; Practice Questions),2024-02-12T14:24:29Z
WHY3bz5_QdI,Python full course in telugu in 1 hour | Complete python course | Vamsi Bhavani,2022-03-22T15:41:18Z
W8KRzm-HUcc,"Python Tutorial for Beginners 4: Lists, Tuples, and Sets",2017-05-17T17:00:03Z
XF6QAx-zPqQ,python graphics designüë®‚Äçüíªüî•üî•|python tutorial video|Python short video software engineer|#python #100,2024-01-29T06:36:49Z
NiIJIU5BEBU,Python Tutorial: Introduction to spaCy,2020-03-05T16:30:13Z
4p7axLXXBGU,Aprenda Python em 10min (para Iniciantes),2022-11-03T20:00:02Z
_EsHwyjiqyQ,Imparare a programmare da zero. Corso di Programmazione Python per Principianti Tutorial Python ITA,2021-03-02T11:30:57Z
b4Y3fSchAOE,Importing NumPy &amp; Pandas on Python Tutorial | Beginner‚Äôs Guide to Coding,2025-02-11T20:00:15Z
lsqJn0DU5wI,I Tried 50 Python Courses. Here Are Top 5.,2025-05-08T15:20:09Z
ThklY3Y9eYM,Day 9 of 15 Days Python Tutorial üöÄ | Looping through List #pythontutorial #learnpython,2025-06-23T12:30:40Z
rLyYb7BFgQI,Learn Python OOP in under 20 Minutes,2024-08-30T08:05:44Z
i3cAsAivXC8,For loop in Python | Python interview question | #pythontutorial #python #interview #forloop #loops,2024-01-05T18:07:50Z
Eaz5e6M8tL4,#5 Python Tutorial for Beginners | List in Python,2018-07-03T15:26:39Z
aIUqbB7R1v0,Python Turtle Graphics 7 | multi colors designs #CodingWithKarthik,2022-05-25T13:41:19Z
nxjwB8up2gI,Regular Expressions in Python || Python Tutorial || Learn Python Programming,2022-12-22T11:20:13Z
0MhVkKHYUAY,New Python Coders Be Like...,2022-07-31T12:57:40Z
8O5kX73OkIY,#49 Python Tutorial for Beginners | Class and Object,2018-08-16T06:45:22Z
9F6zAuYtuFw,Python Scripting Tutorial for Beginners | Python Tutorial | Python Training | Edureka,2018-04-16T04:47:38Z
WpF6azYAxYg,Decorators in Python  || Python Tutorial  ||  Learn Python Programming,2023-05-07T10:00:16Z
P7NbYXCvxtA,Ready for my next tutorial? #shorts #python,2022-11-26T19:59:50Z
nKPbfIU442g,Curso de PYTHON desde CERO (Completo),2023-01-22T23:52:37Z
yVl_G-F7m8c,Python Projects for Beginners ‚Äì Master Problem-Solving! üöÄ,2024-09-10T13:01:00Z
9mmVa6O-hzQ,PYTHON LERNEN in 10 Minuten (Anf√§nger Tutorial Deutsch),2022-05-25T16:00:07Z
9N6a-VLBa2I,Python Tutorial: Working with JSON Data using the json Module,2017-11-20T19:00:01Z
kdLM6AOd2vc,OpenCV Python Tutorial For Beginners 1 - Introduction to OpenCV,2019-02-04T22:13:57Z
RcZsTI5h0kg,HashMaps in Python Tutorial - Data Structures for Coding Interviews,2022-09-05T17:00:12Z
EgpLj86ZHFQ,Please Learn How To Write Tests in Python‚Ä¶ ‚Ä¢ Pytest Tutorial,2025-02-25T15:54:38Z
U2ZN104hIcc,Python Tutorial: pip - An in-depth look at the package management system,2015-04-16T15:33:57Z
e6vPt_e9sRw,Python Tutorial Deutsch | Komplettkurs f√ºr Anf√§nger,2024-05-07T14:00:35Z
TqPzwenhMj0,#4 Python Tutorial for Beginners | Variables in Python,2018-07-03T03:48:22Z
2uvysYbKdjM,Complete Python Pandas Data Science Tutorial! (2025 Updated Edition),2024-06-29T14:10:02Z
2vdDWpABpj4,"Python Turtle Graphics for my ‚ù§Ô∏è When Words Fail, Code Speaks üåπ.#pythonprogramming #coding",2025-07-03T02:55:00Z
gZwPdqC2Os0,#48 Python Tutorial for Beginners | Object Oriented Programming | Introduction,2018-08-14T15:43:52Z
tZO6AxKCQ7s,python tutorial Arithmetic operators,2023-06-27T07:44:46Z
3J1xBL7zJXg,Python do ZERO ao J√öNIOR - Os vendedores de curso CHORAM | R√°pido &amp; Sem enrola√ß√£o,2023-08-15T15:00:07Z
kdLM6AOd2vc,OpenCV Python Tutorial For Beginners 1 - Introduction to OpenCV,2019-02-04T22:13:57Z
GmdGv5ndX54,Python For Beginners in Telugu [PART 1] || Code with Swaroop || Zero to Hero || Introduction,2024-01-01T14:57:42Z
pKEjmiH_4RA,#5 - Create python script with IDLE shell | Python Tutorial | Praveen Kumar,2023-03-22T19:31:53Z
HGOBQPFzWKo,Intermediate Python Programming Course,2020-08-27T17:23:03Z
UrsmFxEIp5k,Python Tutorial For Beginners in Hindi | Complete Python Course üî•,2024-06-16T05:36:24Z
qiSCMNBIP2g,OOP in Python | Object Oriented Programming,2018-11-17T15:07:38Z
dJI5NY8aZxs,Python Animation Tutorial #python #shorts #coding #cool,2025-03-13T10:16:22Z
GqHLztqy0PU,#64 Python Tutorial for Beginners | MultiThreading,2018-09-12T10:58:12Z
IEEhzQoKtQU,Python Threading Tutorial: Run Code Concurrently Using the Threading Module,2019-09-12T14:30:01Z
QVdf0LgmICw,Python Tutorial: Variable Scope - Understanding the LEGB rule and global/nonlocal statements,2016-12-20T17:30:00Z
vmEHCJofslg,"Complete Python Pandas Data Science Tutorial! (Reading CSV/Excel files, Sorting, Filtering, Groupby)",2018-10-26T00:10:07Z
EXIgjIBu4EU,Learn Pandas in 30 Minutes - Python Pandas Tutorial,2025-08-06T14:00:18Z
gCCVsvgR2KU,#10 Python Tutorial for Beginners | Data Types in Python,2018-07-05T09:47:27Z
oUJolR5bX6g,APPRENDRE PYTHON [TUTO PROGRAMMATION COMPLET D√âBUTANT],2020-10-17T07:17:34Z
2socU7yFLl0,Python Django Setup is easy | Python Tutorial,2025-08-28T15:45:00Z
Kh5jZMM8h7Y,Python CLASSES in 50 Seconds! üî•üë®‚Äçüíª #shorts,2022-01-22T05:00:17Z
kTVGcROrDeU,Which operator can be used to compare two  values? #shorts #python #tutorial #beginners #quiz,2022-07-29T18:30:55Z
bdBlnHoRHVE,Python Tkinter Add Image #like #tutorial,2023-04-26T18:25:23Z
D3JvDWO-BY4,"Python Tutorial: Sorting Lists, Tuples, and Objects",2015-12-15T16:30:01Z
oXlwWbU8l2o,OpenCV Course - Full Tutorial with Python,2020-11-03T14:18:52Z
-65r_3r-nN4,Python Tutorial with Gen AI for 2025 | Python for Beginners | Python full course,2024-07-28T12:32:00Z
3dt4OGnU5sM,Python Tutorial: Comprehensions - How they work and why you should be using them,2015-08-24T16:30:01Z
h8V1IOolYA0,Functions in Python | Python Tutorial in Hindi 10,2024-09-04T13:26:24Z
C0p-2qk6aak,Make Your First GUI Calculator in Python - Beginner Tutorial,2025-09-14T04:20:55Z
HHcZbXsZtm0,PyCharm Tutorial | Introduction to PyCharm | Basics in 10 Minutes,2021-09-08T14:48:09Z
k9TUPpGqYTo,Python Tutorial for Beginners 2: Strings - Working with Textual Data,2017-05-17T16:00:04Z
XCKWZAtKTnU,Python Tutorial 1: Introduction to Python for Absolute Beginners,2021-02-24T17:30:14Z
XF6QAx-zPqQ,python graphics designüë®‚Äçüíªüî•üî•|python tutorial video|Python short video software engineer|#python #100,2024-01-29T06:36:49Z
dzxp6Ncz6-o,So w√ºrde ich 2025 Python lernen (schnellster Weg),2025-03-12T17:00:49Z
NiIJIU5BEBU,Python Tutorial: Introduction to spaCy,2020-03-05T16:30:13Z
2Fp1N6dof0Y,Python Tutorial: Calling External Commands Using the Subprocess Module,2019-07-24T17:00:00Z
FFrrShS7LZw,Python Tutorial f√ºr Anf√§nger: Lerne Python in 60 Minuten (deutsch),2024-08-10T16:00:11Z
qbLc5a9jdXo,REST API Crash Course - Introduction + Full Python API Tutorial,2020-11-19T20:27:58Z
UHKACm20iS0,Python for Beginners | Ep - 01 | Basics - Print | Interpreter vs Compiler | Tamil | code io,2021-05-12T04:48:52Z
i3cAsAivXC8,For loop in Python | Python interview question | #pythontutorial #python #interview #forloop #loops,2024-01-05T18:07:50Z
lgoB3_-ejnI,AsyncIO in Python | Python Tutorial - Day #96,2023-03-03T11:32:53Z
sHw5hLYFaIw,Regular Expression Tutorial Python | Python Regex Tutorial,2021-12-01T13:00:11Z
gfR_XMqrGFs,Python Data Types | Learn Python | Python Tutorial for Beginners | Edureka | Python Module - 3,2020-07-09T05:55:32Z
KjJ7WzEL-es,Python Tutorial for Beginners | Learn Python Step By Step | Python Course,2019-09-19T11:31:30Z
HZARImviDxg,#20 Python Tutorial for Beginners | While Loop in Python,2018-07-12T04:59:18Z
